,sum_sq,df,F,PR(>F)
C(blind),51816.28262350069,2.0,1.3798820679015428e+31,0.0
Residual,5.069417392176527e-26,27.0,,
