{
  "LAMBDA_0.000_vs_LAMBDA_0.100": -12.062104192191258,
  "LAMBDA_0.000_vs_LAMBDA_0.200": 40.55414780899265,
  "LAMBDA_0.000_vs_LAMBDA_0.300": 81.56581295599867,
  "LAMBDA_0.000_vs_LAMBDA_0.400": 11.832350243849588,
  "LAMBDA_0.000_vs_LAMBDA_0.500": 46.52406584207112,
  "LAMBDA_0.000_vs_LAMBDA_0.600": 22.017074404456896,
  "LAMBDA_0.000_vs_LAMBDA_0.700": 44.86346362224109,
  "LAMBDA_0.000_vs_LAMBDA_0.800": 10.946035607574709,
  "LAMBDA_0.000_vs_LAMBDA_0.900": -0.6524147257353684,
  "LAMBDA_0.000_vs_LAMBDA_1.000": 11.602875394050379,
  "LAMBDA_0.000_vs_isolated": -18.07935633972207,
  "LAMBDA_0.000_vs_random_noise": 81.55037721174148,
  "LAMBDA_0.000_vs_structured_coupling": 11.425542058004156,
  "LAMBDA_0.100_vs_LAMBDA_0.200": 13.598500221423821,
  "LAMBDA_0.100_vs_LAMBDA_0.300": 15.116288204436803,
  "LAMBDA_0.100_vs_LAMBDA_0.400": 12.562152037820727,
  "LAMBDA_0.100_vs_LAMBDA_0.500": 13.81190291187879,
  "LAMBDA_0.100_vs_LAMBDA_0.600": 12.94549485249099,
  "LAMBDA_0.100_vs_LAMBDA_0.700": 13.982445445616548,
  "LAMBDA_0.100_vs_LAMBDA_0.800": 14.186276023924963,
  "LAMBDA_0.100_vs_LAMBDA_0.900": 8.490677037451004,
  "LAMBDA_0.100_vs_LAMBDA_1.000": 12.748301345794447,
  "LAMBDA_0.100_vs_isolated": 4.1400545660189145,
  "LAMBDA_0.100_vs_random_noise": 15.125907523113908,
  "LAMBDA_0.100_vs_structured_coupling": 12.769311399198864,
  "LAMBDA_0.200_vs_LAMBDA_0.300": 142.29150237838567,
  "LAMBDA_0.200_vs_LAMBDA_0.400": -47.98791426158875,
  "LAMBDA_0.200_vs_LAMBDA_0.500": 19.40310331000561,
  "LAMBDA_0.200_vs_LAMBDA_0.600": -37.35374622468,
  "LAMBDA_0.200_vs_LAMBDA_0.700": 16.61627441485155,
  "LAMBDA_0.200_vs_LAMBDA_0.800": 4.199374348356889,
  "LAMBDA_0.200_vs_LAMBDA_0.900": -2.333911346680675,
  "LAMBDA_0.200_vs_LAMBDA_1.000": -17.53262087479997,
  "LAMBDA_0.200_vs_isolated": -21.80351013962205,
  "LAMBDA_0.200_vs_random_noise": 137.6154358971686,
  "LAMBDA_0.200_vs_structured_coupling": -15.828078448927515,
  "LAMBDA_0.300_vs_LAMBDA_0.400": -121.8659376168675,
  "LAMBDA_0.300_vs_LAMBDA_0.500": -133.99384511065244,
  "LAMBDA_0.300_vs_LAMBDA_0.600": -129.99140178109712,
  "LAMBDA_0.300_vs_LAMBDA_0.700": -49.79696742498858,
  "LAMBDA_0.300_vs_LAMBDA_0.800": -2.639494159654644,
  "LAMBDA_0.300_vs_LAMBDA_0.900": -4.002780465489974,
  "LAMBDA_0.300_vs_LAMBDA_1.000": -49.6221686756872,
  "LAMBDA_0.300_vs_isolated": -25.43685702469462,
  "LAMBDA_0.300_vs_random_noise": 0.9833663734329039,
  "LAMBDA_0.300_vs_structured_coupling": -45.590643186331555,
  "LAMBDA_0.400_vs_LAMBDA_0.500": 59.10389369707086,
  "LAMBDA_0.400_vs_LAMBDA_0.600": 15.241803729313327,
  "LAMBDA_0.400_vs_LAMBDA_0.700": 48.27577604248589,
  "LAMBDA_0.400_vs_LAMBDA_0.800": 8.830839406122813,
  "LAMBDA_0.400_vs_LAMBDA_0.900": -1.1963078098825606,
  "LAMBDA_0.400_vs_LAMBDA_1.000": 3.8765319898992385,
  "LAMBDA_0.400_vs_isolated": -19.310564006754483,
  "LAMBDA_0.400_vs_random_noise": 121.0355762399594,
  "LAMBDA_0.400_vs_structured_coupling": 4.060235078546929,
  "LAMBDA_0.500_vs_LAMBDA_0.600": -51.195435501931314,
  "LAMBDA_0.500_vs_LAMBDA_0.700": 7.587637105814049,
  "LAMBDA_0.500_vs_LAMBDA_0.800": 3.2390109691661597,
  "LAMBDA_0.500_vs_LAMBDA_0.900": -2.568463043229258,
  "LAMBDA_0.500_vs_LAMBDA_1.000": -22.094595654017134,
  "LAMBDA_0.500_vs_isolated": -22.315061916454574,
  "LAMBDA_0.500_vs_random_noise": 128.74174163371742,
  "LAMBDA_0.500_vs_structured_coupling": -20.051267359505495,
  "LAMBDA_0.600_vs_LAMBDA_0.700": 39.076362020896276,
  "LAMBDA_0.600_vs_LAMBDA_0.800": 7.125059115680368,
  "LAMBDA_0.600_vs_LAMBDA_0.900": -1.6168513947587346,
  "LAMBDA_0.600_vs_LAMBDA_1.000": -3.7368180642539053,
  "LAMBDA_0.600_vs_isolated": -20.233939195837646,
  "LAMBDA_0.600_vs_random_noise": 128.41871870522309,
  "LAMBDA_0.600_vs_structured_coupling": -3.0457275120148375,
  "LAMBDA_0.700_vs_LAMBDA_0.800": 2.4467169676609215,
  "LAMBDA_0.700_vs_LAMBDA_0.900": -2.7585329372358607,
  "LAMBDA_0.700_vs_LAMBDA_1.000": -23.636371956933058,
  "LAMBDA_0.700_vs_isolated": -22.702866913018152,
  "LAMBDA_0.700_vs_random_noise": 49.771189833575875,
  "LAMBDA_0.700_vs_structured_coupling": -21.757748564035484,
  "LAMBDA_0.800_vs_LAMBDA_0.900": -3.263237513464827,
  "LAMBDA_0.800_vs_LAMBDA_1.000": -7.801521539675034,
  "LAMBDA_0.800_vs_isolated": -21.23279961050156,
  "LAMBDA_0.800_vs_random_noise": 2.6829135284430925,
  "LAMBDA_0.800_vs_structured_coupling": -7.6714796825654945,
  "LAMBDA_0.900_vs_LAMBDA_1.000": 1.412144813231849,
  "LAMBDA_0.900_vs_isolated": -6.984115195658494,
  "LAMBDA_0.900_vs_random_noise": 4.013413779531114,
  "LAMBDA_0.900_vs_structured_coupling": 1.4374710967778943,
  "LAMBDA_1.000_vs_isolated": -19.68159401053492,
  "LAMBDA_1.000_vs_random_noise": 49.72248837147026,
  "LAMBDA_1.000_vs_structured_coupling": 0.33781057621939253,
  "isolated_vs_random_noise": 25.45936033850718,
  "isolated_vs_structured_coupling": 19.716889029005873,
  "random_noise_vs_structured_coupling": -45.69791663833904
}