F,p_value,groups
2293.879717205504,7.201093010809575e-31,A|B|C
