{
  "A_vs_B": 19.705971547153517,
  "A_vs_C": 22.95075526889875,
  "B_vs_C": 26.560318444163315
}