F,p_value,groups
623.3907396009455,1.4902461709010394e-107,A|B|C|L00|L01|L02|L03|L04|L05|L06|L07|L08|L09|L10
