{
  "A_vs_B": 19.716889029005873,
  "A_vs_C": 25.45936033850718,
  "A_vs_L00": 18.07935633972207,
  "A_vs_L01": 21.80351013962205,
  "A_vs_L02": 22.702866913018152,
  "A_vs_L03": 19.310564006754483,
  "A_vs_L04": -4.1400545660189145,
  "A_vs_L05": 21.23279961050156,
  "A_vs_L06": 20.233939195837646,
  "A_vs_L07": 22.315061916454574,
  "A_vs_L08": 6.984115195658494,
  "A_vs_L09": 19.68159401053492,
  "A_vs_L10": 25.43685702469462,
  "B_vs_C": 45.69791663833904,
  "B_vs_L00": -11.425542058004156,
  "B_vs_L01": 15.828078448927515,
  "B_vs_L02": 21.757748564035484,
  "B_vs_L03": -4.060235078546929,
  "B_vs_L04": -12.769311399198864,
  "B_vs_L05": 7.6714796825654945,
  "B_vs_L06": 3.0457275120148375,
  "B_vs_L07": 20.051267359505495,
  "B_vs_L08": -1.4374710967778943,
  "B_vs_L09": -0.33781057621939253,
  "B_vs_L10": 45.590643186331555,
  "C_vs_L00": -81.55037721174148,
  "C_vs_L01": -137.6154358971686,
  "C_vs_L02": -49.771189833575875,
  "C_vs_L03": -121.0355762399594,
  "C_vs_L04": -15.125907523113908,
  "C_vs_L05": -2.6829135284430925,
  "C_vs_L06": -128.41871870522309,
  "C_vs_L07": -128.74174163371742,
  "C_vs_L08": -4.013413779531114,
  "C_vs_L09": -49.72248837147026,
  "C_vs_L10": -0.9833663734329039,
  "L00_vs_L01": 40.55414780899265,
  "L00_vs_L02": 44.86346362224109,
  "L00_vs_L03": 11.832350243849588,
  "L00_vs_L04": -12.062104192191258,
  "L00_vs_L05": 10.946035607574709,
  "L00_vs_L06": 22.017074404456896,
  "L00_vs_L07": 46.52406584207112,
  "L00_vs_L08": -0.6524147257353684,
  "L00_vs_L09": 11.602875394050379,
  "L00_vs_L10": 81.56581295599867,
  "L01_vs_L02": 16.61627441485155,
  "L01_vs_L03": -47.98791426158875,
  "L01_vs_L04": -13.598500221423821,
  "L01_vs_L05": 4.199374348356889,
  "L01_vs_L06": -37.35374622468,
  "L01_vs_L07": 19.40310331000561,
  "L01_vs_L08": -2.333911346680675,
  "L01_vs_L09": -17.53262087479997,
  "L01_vs_L10": 142.29150237838567,
  "L02_vs_L03": -48.27577604248589,
  "L02_vs_L04": -13.982445445616548,
  "L02_vs_L05": 2.4467169676609215,
  "L02_vs_L06": -39.076362020896276,
  "L02_vs_L07": -7.587637105814049,
  "L02_vs_L08": -2.7585329372358607,
  "L02_vs_L09": -23.636371956933058,
  "L02_vs_L10": 49.79696742498858,
  "L03_vs_L04": -12.562152037820727,
  "L03_vs_L05": 8.830839406122813,
  "L03_vs_L06": 15.241803729313327,
  "L03_vs_L07": 59.10389369707086,
  "L03_vs_L08": -1.1963078098825606,
  "L03_vs_L09": 3.8765319898992385,
  "L03_vs_L10": 121.8659376168675,
  "L04_vs_L05": 14.186276023924963,
  "L04_vs_L06": 12.94549485249099,
  "L04_vs_L07": 13.81190291187879,
  "L04_vs_L08": 8.490677037451004,
  "L04_vs_L09": 12.748301345794447,
  "L04_vs_L10": 15.116288204436803,
  "L05_vs_L06": -7.125059115680368,
  "L05_vs_L07": -3.2390109691661597,
  "L05_vs_L08": -3.263237513464827,
  "L05_vs_L09": -7.801521539675034,
  "L05_vs_L10": 2.639494159654644,
  "L06_vs_L07": 51.195435501931314,
  "L06_vs_L08": -1.6168513947587346,
  "L06_vs_L09": -3.7368180642539053,
  "L06_vs_L10": 129.99140178109712,
  "L07_vs_L08": -2.568463043229258,
  "L07_vs_L09": -22.094595654017134,
  "L07_vs_L10": 133.99384511065244,
  "L08_vs_L09": 1.412144813231849,
  "L08_vs_L10": 4.002780465489974,
  "L09_vs_L10": 49.6221686756872
}