F,p_value,groups
8.697037148048365,1.941441527921707e-12,A|B|C|L00|L01|L02|L03|L04|L05|L06|L07|L08|L09|L10
