{
  "A_vs_B": 19.705971547153517,
  "A_vs_C": 22.95075526889875,
  "A_vs_L00": 22.960430026373647,
  "A_vs_L01": 25.406821805240956,
  "A_vs_L02": 22.25145201739935,
  "A_vs_L03": 23.818230715339297,
  "A_vs_L04": 15.606277790942029,
  "A_vs_L05": 25.45193874741168,
  "A_vs_L06": 21.687491996135574,
  "A_vs_L07": 25.435094171967947,
  "A_vs_L08": -1.1546149066269455,
  "A_vs_L09": 19.636694660932267,
  "A_vs_L10": 25.413388026374083,
  "B_vs_C": 26.560318444163315,
  "B_vs_L00": 26.88423989821521,
  "B_vs_L01": 47.695142681444445,
  "B_vs_L02": 20.46400741853536,
  "B_vs_L03": 34.35825231184227,
  "B_vs_L04": -23.075430818962648,
  "B_vs_L05": 48.182489419206675,
  "B_vs_L06": 15.843344151028395,
  "B_vs_L07": 47.51042910090959,
  "B_vs_L08": -1.2992986774082964,
  "B_vs_L09": -0.4410003924825918,
  "B_vs_L10": 46.86541033436184,
  "C_vs_L00": 0.26865980562073516,
  "C_vs_L01": 90.58133330775324,
  "C_vs_L02": -21.19708081157639,
  "C_vs_L03": 38.19086040086196,
  "C_vs_L04": -52.999739363767276,
  "C_vs_L05": 96.30790812343423,
  "C_vs_L06": -45.457259719785334,
  "C_vs_L07": 78.73011626869176,
  "C_vs_L08": -1.3220402285833392,
  "C_vs_L09": -27.381075965823758,
  "C_vs_L10": 68.68647473029473,
  "L00_vs_L01": 114.06463458942089,
  "L00_vs_L02": -24.758083340611186,
  "L00_vs_L03": 55.61754410125542,
  "L00_vs_L04": -53.44466448457575,
  "L00_vs_L05": 124.68709183733361,
  "L00_vs_L06": -56.839785732874915,
  "L00_vs_L07": 92.18626369951647,
  "L00_vs_L08": -1.3220878872255628,
  "L00_vs_L09": -27.718047424118733,
  "L00_vs_L10": 77.16910728182937,
  "L01_vs_L02": -102.23370754345186,
  "L01_vs_L03": -81.6054842482374,
  "L01_vs_L04": -71.30046421137013,
  "L01_vs_L05": 1.9037364573267022,
  "L01_vs_L06": -146.678661050448,
  "L01_vs_L07": 1.0740789942028437,
  "L01_vs_L08": -1.3399417923773753,
  "L01_vs_L09": -48.6853061334282,
  "L01_vs_L10": 0.40047531198434666,
  "L02_vs_L03": 57.86779270741844,
  "L02_vs_L04": -47.598058216087615,
  "L02_vs_L05": 107.1717049314495,
  "L02_vs_L06": -18.03666716613591,
  "L02_vs_L07": 91.38839295858978,
  "L02_vs_L08": -1.3169572748763043,
  "L02_vs_L09": -21.23048492266025,
  "L02_vs_L10": 81.52686087984327,
  "L03_vs_L04": -59.923962342029725,
  "L03_vs_L05": 91.55038570608643,
  "L03_vs_L06": -103.87680583975784,
  "L03_vs_L07": 63.993156285530965,
  "L03_vs_L08": -1.3283365442538666,
  "L03_vs_L09": -35.254357679965274,
  "L03_vs_L10": 52.42375332248538,
  "L04_vs_L05": 71.74699739241468,
  "L04_vs_L06": 43.811635293231596,
  "L04_vs_L07": 71.02717509856487,
  "L04_vs_L08": -1.2694705570069247,
  "L04_vs_L09": 22.74661120083584,
  "L04_vs_L10": 70.34242759619049,
  "L05_vs_L06": -156.02073244694833,
  "L05_vs_L07": -0.44836915111911213,
  "L05_vs_L08": -1.3402651738356475,
  "L05_vs_L09": -49.17955885932277,
  "L05_vs_L10": -0.9257881339633004,
  "L06_vs_L07": 124.6208064223032,
  "L06_vs_L08": -1.3128192057929904,
  "L06_vs_L09": -16.58443375165154,
  "L06_vs_L10": 107.75764269881591,
  "L07_vs_L08": -1.34017236137984,
  "L07_vs_L09": -48.48612417528941,
  "L07_vs_L10": -0.476381658907344,
  "L08_vs_L09": 1.2987752124223224,
  "L08_vs_L10": 1.340041270837005,
  "L09_vs_L10": 47.822223055009985
}